<?xml version="1.0" encoding="UTF-8"?>
<!DOCTYPE mapper PUBLIC "-//mybatis.org//DTD Mapper 3.0//EN" "http://mybatis.org/dtd/mybatis-3-mapper.dtd">
<mapper namespace="com.spring.security.dao.SysPermissionDao">

    <resultMap type="com.spring.security.entity.SysPermission" id="SysPermissionMap">
        <result property="id" column="id" jdbcType="INTEGER"/>
        <result property="permissionCode" column="permission_code" jdbcType="VARCHAR"/>
        <result property="permissionName" column="permission_name" jdbcType="VARCHAR"/>
    </resultMap>

    <!--查询单个-->
    <select id="queryById" resultMap="SysPermissionMap">
        select
          id, permission_code, permission_name
        from sys_permission
        where id = #{id}
    </select>

    <!--查询指定行数据-->
    <select id="queryAllByLimit" resultMap="SysPermissionMap">
        select
          id, permission_code, permission_name
        from sys_permission
        limit #{offset}, #{limit}
    </select>

    <!--通过实体作为筛选条件查询-->
    <select id="queryAll" resultMap="SysPermissionMap">
        select
          id, permission_code, permission_name
        from sys_permission
        <where>
            <if test="id != null">
                and id = #{id}
            </if>
            <if test="permissionCode != null and permissionCode != ''">
                and permission_code = #{permissionCode}
            </if>
            <if test="permissionName != null and permissionName != ''">
                and permission_name = #{permissionName}
            </if>
        </where>
    </select>

    <!--新增所有列-->
    <insert id="insert" keyProperty="id" useGeneratedKeys="true">
        insert into sys_permission(permission_code, permission_name)
        values (#{permissionCode}, #{permissionName})
    </insert>

    <!--通过主键修改数据-->
    <update id="update">
        update sys_permission
        <set>
            <if test="permissionCode != null and permissionCode != ''">
                permission_code = #{permissionCode},
            </if>
            <if test="permissionName != null and permissionName != ''">
                permission_name = #{permissionName},
            </if>
        </set>
        where id = #{id}
    </update>

    <!--通过主键删除-->
    <delete id="deleteById">
        delete from sys_permission where id = #{id}
    </delete>
    <select id="selectListByUser" resultMap="SysPermissionMap">
        SELECT
        p.*
        FROM
        sys_user AS u
        LEFT JOIN sys_user_role_relation AS ur
        ON u.id = ur.user_id
        LEFT JOIN sys_role AS r
        ON r.id = ur.role_id
        LEFT JOIN sys_role_permission_relation AS rp
        ON r.id = rp.role_id
        LEFT JOIN sys_permission AS p
        ON p.id = rp.permission_id
        WHERE u.id = #{userId}
    </select>
    <select id="selectListByPath" resultMap="SysPermissionMap">
        SELECT
            pe.*
        FROM
            sys_permission pe
        LEFT JOIN sys_request_path_permission_relation re ON re.permission_id = pe.id
        LEFT JOIN sys_request_path pa ON pa.id = re.url_id
        WHERE pa.url = #{path}
    </select>

</mapper>